mediator,label,n,path_a_coef,path_a_p,path_b_coef,path_b_p,path_c_coef,path_c_p,path_c_mediator_coef,path_c_mediator_p
red_list_index,Red List Index (絶滅危惧種指数),150,0.17354374303432984,0.018665347171169622,0.4099246709536753,1.0802421184832833e-06,-0.4932568251645055,2.78364681896307e-16,0.4966531418654004,9.630063883390364e-11
species_habitat,Species Habitat Index (種生息地指数),143,0.23516734873354714,0.0013443335901168947,0.18660999715267526,0.026433298079006698,-0.46516834002292823,4.191854502991024e-13,0.29726163526426364,0.0002872296152687078
species_protection,Species Protection Index (種保護指数),151,-0.28464261089050835,0.0001995944486792469,0.4993954661384338,7.249067464519935e-11,-0.28818543781810874,1.8947403964977935e-06,0.41290687189531206,1.1277413070234561e-07
pesticide_risk,Pesticide Risk (殺虫剤リスク),151,0.01702789539069592,0.8137995717902001,-0.023993941384782416,0.7748733636904932,-0.4054467461785234,3.068327329815253e-11,-0.015831769241830523,0.8291608730303113
biodiversity_habitat,Biodiversity Habitat (生物多様性・生息地),151,-0.2787627821635578,3.994642426246342e-05,0.6652264313873626,1.1368486734209257e-15,-0.24027799375474204,3.2070377940342965e-05,0.5934735363532632,3.2556258366009156e-12
air_quality,Air Quality (大気質),151,-0.1457729013967145,0.030315640816354118,0.7727177493267262,7.286445076587734e-39,-0.29927706375859386,2.78554178709419e-14,0.7301718159588497,9.297979239090252e-35
